cliente_id,region,tenure,age,marital,address,income,ed,employ,retire,gender,reside,clientecat
1,2,13,44,1,9,64000,4,5,0,0,2,1
2,3,11,33,1,7,136000,5,5,0,0,6,4
3,3,68,52,1,24,116000,1,29,0,1,2,3
4,2,33,33,0,12,33000,2,0,0,1,1,1
5,2,23,30,1,9,30000,1,2,0,0,4,3
6,2,41,39,0,17,78000,2,16,0,1,1,3
7,3,45,22,1,2,19000,2,4,0,1,5,2
8,2,38,35,0,5,76000,2,10,0,0,3,4
9,3,45,59,1,7,166000,4,31,0,0,5,3
10,1,68,41,1,21,72000,1,22,0,0,3,2
11,2,5,33,0,10,125000,4,5,0,1,1,1
12,3,7,35,0,14,80000,2,15,0,1,1,3
13,1,41,38,1,8,37000,2,9,0,1,3,1
14,2,57,54,1,30,115000,4,23,0,1,3,4
15,2,9,46,0,3,25000,1,8,0,1,2,1
16,1,29,38,1,12,75000,5,1,0,0,4,2
17,3,60,57,0,38,162000,2,30,0,0,1,3
18,3,34,48,0,3,49000,2,6,0,1,3,3
19,2,1,24,0,3,20000,1,3,0,0,1,1
20,1,26,29,1,3,77000,4,2,0,0,4,4
21,3,6,30,0,7,16000,3,1,0,1,1,2
22,1,68,52,1,17,120000,1,24,0,0,2,1
23,3,53,33,0,10,101000,5,4,0,1,2,4
24,3,55,48,1,19,67000,1,25,0,0,3,1
25,3,14,43,1,18,36000,1,5,0,0,5,3
26,2,1,21,0,0,33000,2,0,0,1,3,3
27,2,42,40,0,7,37000,2,8,0,1,1,4
28,3,25,33,1,11,31000,1,5,0,0,4,3
29,1,9,21,1,1,17000,2,2,0,1,3,1
30,2,13,33,1,9,19000,4,0,0,1,2,2
31,1,56,37,1,6,36000,1,13,0,1,2,2
32,1,71,53,1,27,155000,5,12,0,0,2,4
33,1,35,50,1,26,140000,2,21,0,1,4,3
34,1,11,27,1,8,55000,5,0,0,0,3,2
35,2,60,46,1,13,163000,3,24,0,0,2,4
36,3,20,35,1,11,52000,4,0,0,0,2,2
37,2,54,60,0,38,211000,4,25,0,0,1,4
38,1,44,57,1,1,186000,2,17,0,0,2,3
39,1,11,41,1,0,39000,1,1,0,1,2,3
40,2,72,57,0,34,22000,2,35,1,1,1,3
41,3,10,41,0,7,30000,1,7,0,0,1,3
42,2,15,28,0,0,29000,2,4,0,1,1,3
43,2,27,28,1,4,23000,2,8,0,0,5,1
44,1,9,36,1,14,62000,4,10,0,0,6,4
45,1,64,43,1,20,76000,4,20,0,1,4,3
46,1,65,41,1,3,74000,4,16,0,0,2,2
47,1,49,51,1,27,63000,4,19,0,0,5,2
48,3,47,41,1,0,36000,4,8,0,0,2,4
49,3,9,34,1,9,33000,2,8,0,1,4,1
50,1,5,36,0,14,29000,2,9,0,1,1,3
51,2,30,34,1,4,27000,2,1,0,0,5,1
52,1,56,52,1,28,49000,2,12,0,0,4,2
53,3,10,22,0,0,24000,4,0,0,0,1,4
54,1,7,26,1,3,26000,2,2,0,0,5,1
55,1,52,27,0,6,47000,3,5,0,0,2,1
56,2,36,45,1,1,94000,2,18,0,1,5,1
57,3,27,34,0,8,21000,3,4,0,1,1,2
58,1,58,62,1,36,27000,1,0,0,0,2,1
59,2,41,52,0,27,30000,2,2,0,1,1,3
60,2,47,40,1,16,127000,4,12,0,1,4,2
61,2,55,39,1,15,137000,2,20,0,1,2,3
62,2,56,50,1,1,80000,2,24,0,1,4,4
63,3,35,55,0,24,30000,2,2,0,0,1,1
64,2,69,51,1,11,438000,4,23,0,1,2,4
65,2,44,39,0,16,79000,2,16,0,0,1,4
66,3,36,47,1,16,63000,1,23,0,0,2,1
67,3,28,51,1,22,40000,3,10,0,1,6,3
68,1,72,67,1,44,51000,1,34,1,0,2,3
69,1,16,27,0,5,37000,3,5,0,0,4,1
70,3,3,43,0,19,61000,4,11,0,1,1,1
71,1,40,57,1,15,22000,2,9,0,0,2,1
72,3,16,39,0,6,44000,4,3,0,1,1,2
73,1,20,42,0,4,17000,3,5,0,0,1,1
74,2,48,43,0,13,110000,5,15,0,1,3,2
75,2,64,48,1,13,91000,2,24,0,0,2,3
76,1,8,46,0,3,46000,2,8,0,0,1,1
77,1,40,38,1,10,85000,3,12,0,0,2,3
78,2,38,71,0,27,10000,2,12,1,0,1,1
79,1,67,68,0,28,244000,1,47,0,1,1,3
80,1,26,42,0,0,80000,4,15,0,1,1,4
81,3,41,34,1,15,83000,5,1,0,1,2,4
82,2,2,31,0,2,21000,1,6,0,0,1,1
83,3,20,48,1,29,24000,2,3,0,0,2,4
84,2,31,53,0,2,351000,3,31,0,1,1,3
85,2,45,52,1,4,169000,4,29,0,1,4,2
86,2,33,27,1,7,46000,2,7,0,0,4,1
87,1,10,26,0,6,34000,3,3,0,0,1,2
88,2,62,54,1,2,50000,4,3,0,0,2,4
89,2,4,35,0,16,161000,5,6,0,1,1,4
90,1,42,47,1,17,212000,4,17,0,0,2,3
91,3,27,51,1,3,80000,5,11,0,0,3,2
92,2,38,42,0,1,30000,4,7,0,1,1,1
93,3,52,61,1,3,53000,5,1,0,1,2,2
94,3,35,33,0,9,73000,5,4,0,1,1,4
95,3,3,20,1,1,17000,2,0,0,1,4,1
96,2,17,33,0,9,23000,5,3,0,0,1,4
97,1,55,53,1,21,34000,1,8,0,0,2,3
98,3,43,36,1,5,107000,1,19,0,1,3,2
99,2,47,25,1,5,21000,1,1,0,1,2,3
100,3,65,58,0,30,83000,2,16,0,1,1,2
101,1,13,20,0,1,17000,3,0,0,0,5,4
102,3,64,25,1,4,76000,3,2,0,1,6,3
103,2,12,24,0,2,19000,1,0,0,0,1,3
104,1,29,32,1,0,49000,4,3,0,1,3,2
105,2,23,47,0,21,173000,3,22,0,1,1,2
106,2,14,35,0,4,47000,3,10,0,1,1,2
107,1,35,61,0,23,41000,2,11,0,0,1,1
108,3,26,39,0,8,105000,3,13,0,1,1,4
109,1,13,54,0,2,31000,4,2,0,0,1,1
110,2,69,40,1,13,41000,2,17,0,0,3,2
111,3,61,50,1,30,102000,4,9,0,1,3,2
112,2,45,22,1,2,36000,4,0,0,1,5,2
113,2,3,37,0,13,24000,1,3,0,1,1,1
114,2,53,22,0,1,25000,4,0,0,0,2,2
115,1,59,42,0,1,68000,2,21,0,1,1,3
116,1,13,34,0,11,20000,3,0,0,1,1,1
117,3,31,31,0,4,48000,1,15,0,0,1,3
118,1,40,29,1,6,40000,2,8,0,1,5,3
119,1,48,55,0,15,79000,1,25,0,0,1,3
120,3,3,31,0,1,28000,1,0,0,0,1,1
121,2,51,48,0,12,64000,2,22,0,1,1,1
122,3,33,41,0,15,37000,2,11,0,0,1,1
123,3,14,47,1,7,48000,1,13,0,0,2,1
124,1,17,42,1,6,131000,5,6,0,0,3,2
125,3,19,29,1,9,18000,2,2,0,0,3,1
126,2,58,36,0,10,38000,2,14,0,1,1,2
127,3,22,23,0,3,37000,2,4,0,1,3,4
128,2,29,31,1,1,60000,4,6,0,0,5,2
129,3,14,22,1,2,13000,3,0,0,1,4,2
130,2,70,64,1,18,98000,1,31,0,1,2,4
131,1,62,52,1,2,195000,1,23,0,0,2,3
132,2,7,35,1,0,47000,1,14,0,0,5,1
133,1,56,47,1,19,65000,2,22,0,0,3,4
134,1,50,50,1,22,150000,5,5,0,1,4,2
135,2,57,39,0,6,106000,5,8,0,0,1,3
136,3,2,40,0,19,51000,4,14,0,1,1,1
137,2,40,38,0,17,96000,4,0,0,1,1,1
138,2,6,43,0,4,33000,5,7,0,0,2,3
139,3,23,25,1,6,38000,2,1,0,1,3,3
140,3,11,32,0,6,125000,4,5,0,0,1,4
141,1,29,37,1,13,145000,5,0,0,1,4,4
142,1,42,44,1,2,99000,2,21,0,0,3,3
143,1,20,34,1,2,22000,4,0,0,1,3,4
144,2,72,60,1,21,31000,1,38,1,0,2,2
145,1,2,36,0,3,25000,1,6,0,1,1,3
146,3,46,25,0,5,57000,5,0,0,1,2,1
147,2,39,51,1,21,41000,5,20,0,0,6,4
148,3,24,25,1,1,20000,3,1,0,1,2,2
149,3,59,43,1,4,101000,2,22,0,1,5,2
150,1,65,37,0,8,56000,2,15,0,0,1,2
151,2,50,27,1,5,22000,2,5,0,1,3,1
152,1,57,37,0,11,108000,4,9,0,1,1,3
153,3,61,48,0,14,115000,4,20,0,1,1,4
154,3,34,54,0,31,53000,4,22,0,0,1,4
155,3,38,53,0,13,242000,4,12,0,0,1,4
156,1,3,24,1,2,20000,2,3,0,1,5,3
157,2,4,47,0,5,123000,4,11,0,0,1,1
158,2,15,35,0,0,34000,1,12,0,0,1,1
159,1,25,29,1,8,31000,4,3,0,1,5,2
160,3,21,44,0,25,47000,1,12,0,1,2,3
161,3,50,37,1,11,48000,3,8,0,1,2,3
162,2,65,64,1,22,13000,2,5,1,1,3,3
163,2,59,52,1,18,78000,1,25,0,0,2,1
164,3,29,26,0,7,34000,1,7,0,1,2,3
165,1,60,46,0,17,81000,5,9,0,1,1,2
166,1,71,45,1,14,86000,2,25,0,0,2,2
167,3,38,27,1,0,26000,4,2,0,0,4,4
168,3,16,34,1,5,51000,2,8,0,1,5,1
169,3,7,31,0,10,59000,3,10,0,0,1,1
170,1,59,53,0,21,112000,4,16,0,0,1,2
171,2,22,56,1,14,57000,4,28,0,0,2,4
172,1,18,48,1,20,41000,1,2,0,1,2,1
173,2,64,46,1,19,168000,2,26,0,1,2,4
174,2,7,33,0,4,29000,4,4,0,1,3,1
175,3,65,58,0,13,167000,2,14,0,1,2,2
176,3,7,24,0,5,29000,2,3,0,0,3,1
177,1,64,55,0,28,104000,1,26,0,1,1,3
178,3,42,22,1,0,46000,4,0,0,0,2,4
179,3,33,26,0,5,46000,4,1,0,1,3,4
180,1,3,33,0,8,51000,4,0,0,1,1,1
181,2,69,42,1,11,65000,2,18,0,0,2,4
182,2,9,33,0,1,48000,2,13,0,0,2,1
183,3,22,34,1,1,46000,3,1,0,0,4,2
184,2,53,63,1,15,43000,2,18,0,0,2,2
185,3,71,53,0,30,110000,1,34,0,0,1,2
186,3,24,26,0,2,32000,3,2,0,0,3,1
187,3,12,22,1,1,18000,3,0,0,1,2,1
188,1,25,39,1,1,26000,4,0,0,0,4,2
189,3,63,28,1,9,34000,2,10,0,1,6,3
190,1,33,54,1,18,57000,4,4,0,1,3,3
191,2,57,54,1,20,21000,2,0,0,1,3,1
192,3,13,33,0,7,38000,3,10,0,1,1,4
193,1,13,21,0,2,19000,3,0,0,1,1,2
194,1,71,39,0,2,40000,3,17,0,0,1,3
195,3,18,69,1,11,58000,3,8,0,0,2,4
196,1,17,51,1,10,95000,2,15,0,1,2,1
197,2,22,43,0,4,114000,2,19,0,0,1,1
198,2,65,65,1,27,128000,3,24,0,0,2,3
199,3,7,40,0,9,33000,4,2,0,1,1,1
200,3,72,66,0,30,460000,4,41,0,1,1,4
201,1,35,43,0,12,224000,3,17,0,0,1,1
202,1,24,39,0,2,122000,4,12,0,0,3,4
203,1,64,24,1,0,23000,3,1,0,1,5,2
204,2,63,63,1,19,191000,3,27,0,0,2,2
205,1,38,31,1,7,187000,4,6,0,0,3,4
206,2,29,37,1,9,119000,3,12,0,0,3,1
207,1,72,69,1,49,44000,2,44,1,1,2,3
208,1,10,27,1,2,15000,3,2,0,1,2,4
209,3,72,64,0,41,674000,4,37,0,1,1,3
210,3,52,23,1,4,33000,4,0,0,1,2,3
211,3,13,55,0,3,250000,2,35,0,1,2,1
212,1,3,33,0,6,64000,4,0,0,0,2,1
213,3,39,24,1,2,26000,2,4,0,0,4,1
214,2,28,29,0,4,23000,3,5,0,0,2,2
215,2,46,42,0,9,52000,4,7,0,0,3,2
216,2,62,46,0,27,200000,3,9,0,1,1,1
217,2,23,33,1,7,28000,1,4,0,0,2,3
218,3,23,25,1,5,19000,5,0,0,0,3,4
219,2,72,61,1,39,76000,3,21,0,0,2,4
220,3,56,60,0,26,70000,2,20,0,0,1,1
221,1,8,30,0,1,34000,2,9,0,1,1,3
222,3,3,36,0,7,34000,5,3,0,1,3,4
223,3,37,37,0,7,172000,3,13,0,0,1,1
224,3,37,53,1,13,48000,1,10,0,0,3,3
225,2,6,30,0,9,45000,2,2,0,1,1,1
226,1,48,47,0,9,72000,3,13,0,0,5,4
227,2,43,43,1,3,55000,4,18,0,1,4,4
228,2,21,29,0,7,40000,4,2,0,1,4,1
229,3,6,33,0,12,26000,3,0,0,0,1,3
230,2,69,51,0,18,96000,1,33,0,0,4,3
231,1,22,33,0,9,54000,1,10,0,0,1,3
232,1,28,40,1,1,47000,2,9,0,1,3,3
233,1,71,47,1,23,142000,1,30,0,0,2,2
234,2,7,37,0,5,57000,4,1,0,0,1,1
235,1,63,29,0,10,20000,3,7,0,0,2,4
236,2,53,57,0,25,37000,1,7,0,0,1,2
237,2,50,52,1,17,36000,4,16,0,0,4,4
238,2,39,31,1,6,24000,4,2,0,0,2,4
239,3,16,19,0,0,21000,2,0,0,1,1,1
240,3,43,51,1,15,186000,3,25,0,0,2,4
241,3,44,31,0,12,30000,1,7,0,1,3,1
242,2,72,66,1,43,96000,2,16,0,1,2,4
243,3,61,76,0,39,15000,1,29,1,0,1,3
244,3,43,21,1,1,25000,1,4,0,0,4,2
245,3,24,39,0,11,49000,3,7,0,1,1,1
246,3,64,45,0,4,38000,2,7,0,1,1,3
247,2,64,38,0,0,29000,2,2,0,0,2,2
248,1,24,26,0,7,55000,2,7,0,1,1,1
249,3,33,55,1,21,64000,3,10,0,1,3,1
250,2,33,33,1,12,42000,4,7,0,1,5,2
251,1,2,40,0,9,134000,4,2,0,0,1,1
252,2,42,48,1,22,82000,1,21,0,1,5,4
253,1,52,54,1,5,153000,5,10,0,0,2,2
254,1,45,66,0,43,144000,2,13,0,1,1,2
255,3,3,25,0,4,22000,4,0,0,0,2,4
256,2,37,53,1,16,35000,1,16,0,1,4,3
257,2,28,57,0,33,82000,4,22,0,1,1,2
258,3,40,63,1,9,61000,1,22,0,0,2,1
259,2,37,33,0,1,102000,2,12,0,0,1,4
260,3,7,27,0,5,31000,3,4,0,0,5,4
261,1,71,56,0,23,170000,1,30,0,1,1,4
262,2,19,46,0,11,26000,2,0,0,1,1,1
263,2,61,40,0,15,85000,3,15,0,1,1,3
264,3,70,53,1,16,183000,2,35,0,1,2,2
265,2,60,55,1,13,67000,1,18,0,1,2,1
266,3,48,45,1,5,42000,1,11,0,1,2,1
267,1,8,63,1,1,31000,1,9,0,0,2,3
268,2,58,58,1,10,96000,2,17,0,0,4,3
269,1,16,24,1,5,24000,3,2,0,0,5,3
270,2,33,33,0,4,53000,2,14,0,1,1,1
271,2,39,25,0,4,18000,1,0,0,1,1,3
272,1,62,51,0,10,43000,4,19,0,0,2,2
273,1,50,34,0,10,104000,3,9,0,0,1,4
274,2,48,55,0,31,26000,1,1,0,0,1,1
275,3,31,62,0,5,56000,2,26,0,1,1,3
276,2,65,33,1,9,49000,2,6,0,0,5,2
277,1,36,58,0,34,80000,1,21,0,1,1,2
278,1,61,46,0,5,318000,3,18,0,1,1,3
279,2,48,42,0,21,35000,4,5,0,0,1,3
280,3,35,45,0,17,29000,1,6,0,0,1,1
281,1,51,28,0,8,43000,5,1,0,0,5,4
282,2,49,51,1,5,80000,5,3,0,0,2,4
283,1,35,39,1,11,30000,3,2,0,1,3,3
284,1,58,70,0,2,9000,3,24,1,1,1,2
285,1,23,35,1,0,23000,2,1,0,0,5,3
286,2,26,39,1,15,58000,4,9,0,1,2,3
287,1,38,37,1,1,52000,1,20,0,1,4,4
288,1,35,66,1,44,14000,3,12,1,1,2,3
289,2,37,50,0,9,110000,2,21,0,1,1,3
290,2,48,43,1,1,60000,2,12,0,0,2,2
291,3,13,43,1,1,123000,3,21,0,0,5,4
292,1,72,63,1,29,15000,5,31,1,0,2,3
293,1,30,27,0,4,47000,4,2,0,1,2,2
294,1,24,43,0,14,138000,4,11,0,1,1,3
295,2,25,51,1,20,359000,3,29,0,0,2,4
296,2,50,52,0,30,214000,3,22,0,0,1,4
297,2,28,40,0,7,64000,1,19,0,0,1,3
298,3,34,51,0,8,50000,4,14,0,0,1,1
299,1,48,32,0,2,88000,3,9,0,0,1,4
300,2,42,36,1,8,86000,2,15,0,1,2,2
301,3,67,65,1,30,17000,1,29,1,1,2,3
302,1,17,41,1,7,25000,2,17,0,0,3,3
303,1,29,38,1,19,46000,2,6,0,0,2,2
304,3,66,61,0,26,361000,1,40,0,1,1,2
305,2,1,21,0,1,18000,3,0,0,1,1,1
306,1,28,33,1,3,14000,4,1,0,0,3,4
307,1,15,35,1,5,34000,3,8,0,0,2,2
308,2,12,64,0,13,9000,2,6,1,1,1,3
309,3,48,49,0,18,39000,2,5,0,1,1,4
310,2,59,25,1,4,18000,3,2,0,0,4,1
311,3,8,26,1,1,25000,4,1,0,0,2,1
312,1,45,52,0,15,46000,5,8,0,1,1,2
313,1,25,39,1,8,94000,4,11,0,1,4,2
314,1,21,44,1,4,26000,3,2,0,0,2,4
315,2,17,68,1,1,335000,1,35,0,1,3,4
316,2,41,45,0,14,25000,3,6,0,0,1,1
317,1,13,45,1,3,99000,3,8,0,1,2,3
318,2,1,26,1,3,30000,2,7,0,1,5,1
319,3,3,31,1,4,35000,2,2,0,1,3,4
320,1,23,27,1,2,51000,5,1,0,1,2,1
321,3,26,42,0,20,49000,3,13,0,0,1,4
322,1,37,51,1,15,54000,1,15,0,0,3,3
323,3,5,30,0,3,46000,4,7,0,0,1,2
324,1,32,27,1,3,91000,4,1,0,1,3,4
325,3,12,22,0,1,23000,4,0,0,0,2,1
326,1,72,54,1,6,345000,1,32,0,0,2,3
327,3,3,25,1,2,45000,4,0,0,1,2,1
328,1,54,43,0,12,53000,2,12,0,0,1,3
329,2,26,26,0,2,14000,2,6,0,1,1,4
330,3,14,36,0,13,67000,5,4,0,1,1,1
331,3,22,51,0,27,49000,3,1,0,0,1,1
332,3,65,47,1,18,37000,1,15,0,1,4,1
333,3,26,45,0,18,33000,1,9,0,0,1,1
334,1,20,37,0,5,46000,3,10,0,1,4,4
335,2,67,60,1,32,93000,1,21,0,0,4,2
336,1,34,55,0,2,48000,2,11,0,0,1,1
337,1,37,54,1,35,183000,2,22,0,0,3,3
338,2,22,23,1,3,16000,1,5,0,0,4,1
339,2,5,69,0,0,11000,2,14,1,0,1,1
340,1,28,31,1,0,42000,4,5,0,1,3,3
341,1,20,41,1,7,67000,4,14,0,1,4,1
342,3,72,41,0,20,181000,4,12,0,0,1,4
343,2,30,43,0,18,53000,4,6,0,0,1,1
344,3,71,52,0,17,172000,2,32,0,0,1,4
345,2,56,44,0,24,87000,2,19,0,0,1,3
346,1,8,29,1,2,21000,5,0,0,0,2,1
347,2,32,65,0,6,9000,2,30,1,1,1,2
348,2,46,47,0,22,144000,3,22,0,1,2,3
349,3,60,45,1,23,117000,4,11,0,0,3,4
350,2,42,32,1,0,59000,4,4,0,1,6,4
351,3,71,60,1,39,508000,4,35,0,0,4,4
352,2,72,63,1,40,222000,2,43,1,1,2,3
353,3,45,66,0,11,87000,3,25,1,1,1,1
354,3,5,31,0,4,34000,1,9,0,0,1,3
355,2,17,38,1,19,18000,4,0,0,1,4,2
356,2,70,55,0,12,65000,3,24,0,0,1,3
357,3,57,57,1,19,130000,3,27,0,1,2,2
358,1,20,33,0,13,44000,3,8,0,1,1,2
359,1,72,52,1,21,63000,1,24,0,0,3,3
360,3,32,50,0,28,57000,4,20,0,0,1,3
361,3,22,57,1,7,264000,1,35,0,1,2,3
362,2,6,24,0,2,28000,1,5,0,0,2,3
363,3,32,23,1,2,26000,3,1,0,1,6,4
364,1,38,33,0,3,38000,4,0,0,0,1,2
365,1,53,35,0,15,59000,3,5,0,1,1,3
366,3,37,76,0,38,117000,4,21,0,1,1,1
367,1,47,35,1,13,70000,4,9,0,1,2,4
368,3,69,59,0,37,104000,2,13,0,0,1,3
369,3,63,56,0,17,71000,3,18,0,1,1,1
370,1,61,34,1,0,70000,3,7,0,1,3,4
371,1,56,38,1,8,56000,4,10,0,0,2,4
372,3,40,57,1,18,68000,1,23,0,0,2,3
373,2,61,45,0,21,80000,2,13,0,1,1,2
374,2,16,26,0,7,21000,4,1,0,0,6,4
375,2,7,43,0,4,69000,3,5,0,1,1,1
376,3,20,31,1,10,39000,2,3,0,1,2,1
377,2,35,38,0,7,90000,2,18,0,0,4,2
378,1,60,37,1,12,64000,5,1,0,1,2,2
379,2,47,25,0,2,28000,2,6,0,0,1,4
380,2,33,28,1,3,24000,2,0,0,1,6,1
381,3,12,34,0,2,44000,2,7,0,0,1,1
382,1,10,31,0,0,32000,4,7,0,1,2,2
383,2,69,33,1,9,52000,4,9,0,1,3,3
384,1,23,20,0,1,15000,3,0,0,1,1,2
385,1,53,31,0,10,46000,3,6,0,0,2,2
386,2,60,57,1,14,107000,2,33,0,1,2,3
387,2,33,33,0,7,56000,2,11,0,0,1,1
388,3,67,40,1,21,40000,4,7,0,1,4,4
389,3,15,38,1,5,56000,3,13,0,0,3,3
390,3,64,31,1,5,46000,2,7,0,1,4,2
391,2,46,49,1,13,51000,2,21,0,0,2,1
392,2,72,60,1,33,12000,1,20,1,0,3,4
393,1,61,43,1,6,34000,5,6,0,0,3,4
394,3,54,27,0,3,27000,2,6,0,1,5,4
395,3,28,36,0,3,42000,3,7,0,1,1,3
396,2,28,38,0,8,119000,5,2,0,0,3,4
397,2,32,43,0,13,146000,1,27,0,1,1,3
398,2,52,46,0,17,51000,2,13,0,1,3,2
399,1,48,62,0,33,86000,1,22,1,1,1,3
400,3,52,42,1,17,27000,3,8,0,1,2,3
401,1,37,43,0,8,38000,3,9,0,0,1,2
402,1,41,52,0,26,928000,3,29,0,0,3,3
403,2,43,27,1,3,21000,2,1,0,1,3,2
404,3,67,60,0,24,24000,1,6,0,1,1,3
405,3,61,52,1,30,91000,1,25,0,1,2,1
406,3,70,39,1,20,38000,2,8,0,1,4,3
407,3,44,32,1,1,96000,4,5,0,1,4,4
408,3,46,45,0,12,96000,3,17,0,0,1,2
409,3,39,34,0,2,54000,3,5,0,0,1,1
410,2,39,59,0,20,1668000,4,27,0,1,1,2
411,2,50,29,1,10,53000,4,0,0,1,4,4
412,3,5,31,0,1,21000,3,1,0,1,2,1
413,2,10,34,0,1,52000,5,3,0,1,1,2
414,1,72,69,0,45,17000,3,36,1,1,1,2
415,2,68,60,0,40,262000,2,39,0,1,1,3
416,3,58,28,0,5,34000,5,1,0,1,1,2
417,3,18,44,1,10,107000,1,19,0,1,7,1
418,1,65,45,1,25,67000,5,13,0,1,2,3
419,3,8,45,0,1,37000,4,0,0,0,1,2
420,2,1,20,0,1,21000,2,0,0,1,2,1
421,3,42,58,0,7,22000,1,4,0,1,1,2
422,1,4,25,1,3,71000,3,3,0,1,5,1
423,3,17,35,0,4,77000,3,8,0,1,1,3
424,2,8,24,1,1,18000,4,0,0,1,5,4
425,1,49,37,1,17,50000,2,12,0,1,2,2
426,1,56,46,1,21,33000,4,7,0,0,2,2
427,1,62,57,1,21,94000,1,22,0,0,2,4
428,2,42,57,1,25,209000,1,40,0,1,4,1
429,1,13,32,0,7,31000,4,5,0,0,2,3
430,1,69,46,1,18,66000,2,19,0,0,4,2
431,2,45,59,0,14,51000,1,15,0,0,2,1
432,2,66,42,1,18,118000,2,20,0,0,2,2
433,2,15,35,0,10,25000,2,3,0,0,1,1
434,1,41,44,1,1,59000,3,21,0,1,3,2
435,2,11,20,0,1,20000,2,0,0,1,1,4
436,3,45,30,1,0,63000,5,4,0,0,4,4
437,1,52,62,0,23,36000,4,17,0,0,1,1
438,1,42,56,0,24,72000,4,18,0,1,1,4
439,2,48,35,0,11,50000,1,16,0,0,3,3
440,3,4,31,0,5,39000,2,5,0,0,2,4
441,3,53,64,1,10,54000,2,20,0,1,2,4
442,3,1,59,0,4,9000,1,4,1,0,1,3
443,3,19,30,1,10,33000,4,1,0,0,3,4
444,2,33,30,0,11,28000,1,9,0,0,1,1
445,3,42,36,1,14,44000,2,11,0,0,3,3
446,1,60,32,0,12,34000,4,4,0,1,2,2
447,2,57,51,1,7,68000,4,18,0,1,3,3
448,1,64,39,0,5,37000,1,9,0,0,1,1
449,2,28,20,1,1,18000,3,0,0,0,3,4
450,1,29,35,1,10,55000,2,7,0,0,4,3
451,1,46,31,1,12,21000,1,5,0,0,5,3
452,1,22,41,1,9,29000,3,11,0,0,4,1
453,2,10,56,0,26,9000,2,6,1,0,2,1
454,3,50,41,0,16,138000,2,18,0,1,1,2
455,1,55,65,0,34,28000,4,12,1,1,1,4
456,2,15,54,0,7,62000,1,11,0,0,1,1
457,1,31,32,1,13,37000,3,8,0,1,3,4
458,3,5,44,0,5,83000,1,16,0,1,1,2
459,2,69,63,0,28,168000,1,43,0,1,2,3
460,2,26,27,1,4,33000,4,1,0,0,6,4
461,3,10,33,1,2,66000,3,9,0,1,4,1
462,1,26,30,0,9,18000,4,1,0,0,3,4
463,3,25,30,0,0,20000,1,4,0,1,1,3
464,3,30,23,1,4,19000,3,1,0,0,4,2
465,1,21,39,1,7,25000,2,1,0,0,4,3
466,1,71,46,0,27,119000,5,7,0,1,1,4
467,3,11,48,1,5,323000,4,25,0,0,4,3
468,1,24,30,1,7,45000,1,11,0,1,2,1
469,1,65,59,1,27,197000,4,26,0,0,2,2
470,1,16,34,1,13,56000,3,10,0,1,3,1
471,3,37,51,1,26,24000,4,4,0,0,2,2
472,1,5,30,0,4,25000,3,6,0,0,1,3
473,1,3,55,1,9,26000,5,0,0,1,2,2
474,1,5,32,0,6,33000,4,3,0,0,2,1
475,1,60,44,1,4,150000,2,24,0,0,2,4
476,2,19,37,1,4,99000,2,15,0,1,3,2
477,3,54,40,0,19,50000,4,12,0,1,2,4
478,2,25,41,0,3,81000,3,20,0,1,4,3
479,2,1,36,0,6,21000,1,1,0,0,2,2
480,3,54,68,0,7,273000,3,27,0,1,1,1
481,1,14,31,1,9,39000,3,4,0,1,7,1
482,3,14,28,1,7,17000,2,3,0,0,4,1
483,2,10,45,1,8,115000,3,17,0,1,4,2
484,1,7,23,0,3,27000,2,1,0,1,3,1
485,2,33,45,0,24,35000,1,6,0,0,1,3
486,1,3,23,0,2,20000,2,4,0,0,1,1
487,2,56,58,1,3,92000,1,25,0,0,3,1
488,2,54,56,0,8,207000,2,35,0,1,1,3
489,1,72,55,1,28,40000,1,11,0,0,5,2
490,1,18,29,0,4,40000,2,1,0,0,1,3
491,3,25,29,0,9,55000,4,1,0,0,1,1
492,1,42,62,0,26,26000,1,35,1,1,1,1
493,3,4,37,0,2,41000,2,8,0,0,1,1
494,2,12,50,1,16,203000,4,25,0,0,2,1
495,2,53,64,1,17,380000,2,36,0,1,2,3
496,2,13,38,1,8,104000,4,6,0,0,7,4
497,3,18,31,1,12,24000,3,4,0,0,4,2
498,3,67,42,1,20,81000,3,20,0,1,5,4
499,2,6,24,0,2,17000,1,1,0,0,1,3
500,1,25,46,0,13,45000,1,12,0,1,1,3
501,2,15,39,0,19,32000,2,2,0,0,1,2
502,3,32,35,0,12,57000,4,5,0,0,1,2
503,2,22,39,0,0,63000,4,9,0,0,1,2
504,2,8,22,0,3,25000,4,0,0,0,1,3
505,1,3,31,1,4,22000,1,1,0,0,2,1
506,2,32,54,0,6,155000,2,20,0,0,1,1
507,1,49,54,0,24,30000,2,5,0,0,1,2
508,2,2,28,0,7,46000,3,0,0,1,1,4
509,1,39,47,0,1,68000,4,10,0,1,2,2
510,1,42,33,0,2,67000,2,5,0,0,2,2
511,1,28,36,0,3,69000,3,2,0,0,1,4
512,2,41,46,1,14,47000,2,11,0,0,5,4
513,3,67,50,1,31,83000,2,12,0,0,2,2
514,1,38,40,0,15,34000,2,11,0,1,1,2
515,2,18,38,0,8,45000,2,2,0,1,4,4
516,2,6,42,1,17,29000,2,2,0,1,2,4
517,2,4,36,0,0,21000,2,1,0,1,3,1
518,1,13,23,1,3,30000,3,0,0,1,4,4
519,1,20,35,0,0,78000,4,7,0,0,1,4
520,1,34,49,1,27,61000,3,15,0,1,2,3
521,1,46,29,1,4,90000,5,3,0,0,4,4
522,1,48,41,0,21,43000,2,7,0,0,1,2
523,3,69,61,1,12,301000,2,37,0,0,2,3
524,1,32,34,1,7,32000,2,15,0,0,4,1
525,1,29,29,0,9,41000,2,9,0,0,2,2
526,3,55,52,0,22,127000,1,28,0,1,3,2
527,3,72,60,1,36,271000,1,43,0,1,2,3
528,3,29,26,0,1,32000,3,2,0,1,1,1
529,2,50,25,1,1,36000,4,2,0,1,5,4
530,3,35,50,1,11,293000,3,21,0,0,2,1
531,3,11,63,0,9,41000,3,3,0,0,1,1
532,1,9,29,0,9,39000,3,5,0,1,1,1
533,2,51,48,0,27,58000,1,18,0,0,1,3
534,1,33,34,1,2,28000,1,3,0,1,3,2
535,1,25,20,0,0,15000,2,0,0,0,2,3
536,3,31,34,0,9,105000,4,7,0,1,4,3
537,2,67,40,1,10,80000,4,8,0,1,2,4
538,3,55,45,0,8,36000,2,9,0,0,3,3
539,3,19,50,0,7,112000,4,3,0,1,1,4
540,1,39,34,1,11,55000,4,10,0,1,4,4
541,2,52,35,1,8,40000,4,1,0,0,2,3
542,3,55,37,1,15,23000,2,0,0,1,5,3
543,2,25,62,0,27,28000,4,33,1,1,1,4
544,3,33,58,0,12,21000,2,23,1,1,1,1
545,2,48,35,0,5,63000,4,12,0,0,2,3
546,2,48,31,1,12,52000,4,3,0,0,3,4
547,2,49,57,0,3,189000,1,31,0,1,3,1
548,3,54,32,1,0,50000,1,15,0,0,3,3
549,1,45,32,1,9,23000,1,15,0,0,4,1
550,3,4,37,1,1,33000,2,15,0,1,5,1
551,3,49,27,1,3,29000,3,6,0,1,3,2
552,2,23,35,0,2,96000,3,4,0,0,1,4
553,2,31,44,0,23,80000,5,15,0,0,1,2
554,2,55,44,1,2,68000,2,15,0,0,5,3
555,1,9,28,0,7,30000,1,4,0,1,6,1
556,2,55,57,1,25,34000,2,12,0,0,3,1
557,1,34,30,0,3,35000,2,2,0,1,3,3
558,1,10,23,0,4,36000,2,1,0,0,3,3
559,2,62,76,0,20,35000,3,18,1,1,1,2
560,2,51,36,0,13,62000,3,9,0,0,2,4
561,1,65,48,0,28,94000,1,25,0,0,1,2
562,3,53,33,0,1,60000,1,6,0,0,2,4
563,1,23,35,0,4,118000,2,11,0,0,1,1
564,3,1,30,0,3,135000,4,3,0,0,3,1
565,3,66,55,0,20,80000,2,24,0,1,1,3
566,3,8,27,1,0,21000,3,3,0,1,2,2
567,3,18,28,1,3,22000,1,2,0,1,5,1
568,3,36,32,1,3,63000,4,7,0,0,4,2
569,1,13,40,0,16,142000,2,18,0,1,1,1
570,3,4,44,0,15,32000,3,0,0,1,1,3
571,3,20,32,0,10,19000,3,5,0,0,1,2
572,1,66,39,1,12,60000,4,10,0,0,3,4
573,3,67,47,1,7,97000,1,23,0,0,4,3
574,1,11,24,1,0,31000,2,3,0,1,4,4
575,1,6,26,0,7,30000,3,1,0,1,2,1
576,2,13,23,1,4,31000,1,5,0,1,4,1
577,2,2,29,1,3,44000,2,9,0,1,6,4
578,1,4,40,0,12,38000,2,5,0,0,1,1
579,1,34,63,1,10,23000,2,0,0,1,2,4
580,1,13,34,1,6,37000,3,6,0,0,4,3
581,2,37,40,1,14,26000,2,0,0,0,5,2
582,1,45,30,1,8,38000,2,5,0,0,6,3
583,2,71,70,0,30,153000,3,34,1,1,1,3
584,1,35,40,0,5,49000,1,20,0,1,1,1
585,3,44,41,0,21,51000,3,7,0,0,1,1
586,3,44,45,1,19,88000,1,21,0,0,2,3
587,1,26,41,1,20,19000,1,0,0,1,6,1
588,2,42,46,1,9,31000,1,12,0,1,3,1
589,2,41,47,1,6,90000,2,19,0,0,3,1
590,1,31,24,1,3,14000,1,0,0,0,4,1
591,3,62,63,0,43,341000,2,30,0,0,1,3
592,1,12,23,1,2,24000,4,0,0,1,8,4
593,2,45,49,1,27,81000,2,7,0,1,4,3
594,1,47,34,1,4,63000,2,13,0,1,4,1
595,2,23,22,1,1,27000,1,4,0,0,5,3
596,3,39,34,0,4,20000,5,3,0,1,1,4
597,2,19,26,0,2,48000,3,0,0,0,2,3
598,1,13,54,0,12,121000,4,23,0,0,1,3
599,2,5,33,0,6,39000,3,4,0,0,3,4
600,2,11,19,0,0,21000,2,0,0,0,1,1
601,3,4,32,0,2,53000,4,5,0,0,1,1
602,3,17,42,0,8,58000,1,23,0,0,1,2
603,2,7,27,0,3,39000,3,2,0,0,1,1
604,1,19,65,0,3,108000,1,33,0,0,3,3
605,2,32,34,1,0,38000,1,10,0,0,4,2
606,2,53,51,0,31,245000,4,0,0,0,1,2
607,1,51,38,0,19,51000,1,18,0,1,1,3
608,1,35,34,0,7,78000,4,10,0,1,1,1
609,1,3,31,1,4,23000,4,4,0,0,5,4
610,1,22,48,0,7,88000,4,12,0,0,1,1
611,3,17,21,1,0,25000,2,1,0,1,3,3
612,2,68,39,0,20,73000,2,16,0,1,1,2
613,2,27,41,1,7,62000,4,15,0,1,2,3
614,3,68,52,1,8,456000,3,30,0,1,4,3
615,3,56,42,1,10,24000,2,5,0,0,2,3
616,3,11,32,0,8,23000,2,0,0,1,1,1
617,3,5,47,0,7,46000,1,6,0,1,1,1
618,3,16,50,0,5,263000,2,29,0,1,3,3
619,2,59,30,0,2,34000,4,2,0,1,1,2
620,1,60,64,0,14,33000,2,13,1,0,1,4
621,3,55,47,0,11,37000,1,11,0,0,1,3
622,1,18,56,0,22,296000,2,25,0,0,1,1
623,2,16,22,0,0,26000,3,0,0,1,3,2
624,1,35,57,1,32,47000,4,12,0,0,2,2
625,3,31,23,1,1,31000,3,1,0,1,2,4
626,2,20,49,1,5,264000,2,29,0,1,2,1
627,2,16,27,0,5,41000,4,2,0,1,1,4
628,2,69,48,1,27,55000,2,4,0,0,2,3
629,3,69,66,1,31,49000,2,15,0,0,2,1
630,2,27,24,1,3,26000,1,7,0,1,4,1
631,3,48,39,0,20,110000,4,9,0,0,1,3
632,1,18,52,1,20,66000,1,19,0,1,2,1
633,2,24,40,1,4,39000,3,5,0,1,2,3
634,2,17,42,0,6,31000,2,2,0,0,1,4
635,2,9,24,1,3,26000,4,1,0,1,3,1
636,2,15,46,0,5,232000,4,15,0,1,2,4
637,1,62,37,1,10,43000,4,1,0,1,3,2
638,1,9,41,0,12,39000,4,3,0,0,1,1
639,2,71,41,1,10,73000,2,23,0,1,2,3
640,2,62,59,1,37,74000,1,20,0,0,2,3
641,2,20,38,0,19,237000,4,13,0,0,1,4
642,1,19,33,1,11,22000,1,3,0,0,5,3
643,2,49,61,1,28,21000,1,8,0,0,2,3
644,3,3,64,0,3,9000,2,6,1,0,1,1
645,1,33,36,0,2,41000,5,10,0,0,1,1
646,2,38,44,0,1,50000,4,7,0,1,1,2
647,3,42,48,1,14,27000,3,5,0,1,3,4
648,1,11,26,0,2,53000,3,3,0,0,1,4
649,3,27,28,1,0,58000,3,0,0,0,2,3
650,3,23,50,0,1,151000,4,8,0,1,1,1
651,2,4,38,1,13,54000,2,4,0,0,2,3
652,3,36,42,0,5,31000,1,4,0,1,1,1
653,2,37,42,0,10,115000,1,22,0,1,1,3
654,3,24,58,1,30,24000,1,5,0,0,2,1
655,3,4,24,0,1,17000,2,2,0,0,3,1
656,3,54,33,0,5,47000,2,13,0,1,2,3
657,3,7,49,0,8,36000,1,0,0,1,1,3
658,1,10,28,0,9,75000,4,1,0,0,1,4
659,3,24,35,1,10,41000,5,6,0,1,2,2
660,3,12,31,0,8,18000,4,4,0,0,1,1
661,2,45,54,0,25,171000,3,33,0,1,1,3
662,3,59,55,1,29,42000,3,21,0,1,2,2
663,1,3,21,1,1,36000,3,0,0,1,4,1
664,3,8,35,0,6,31000,5,7,0,0,1,4
665,1,16,59,0,5,207000,2,37,0,1,2,4
666,3,32,33,0,1,38000,1,12,0,1,1,1
667,1,8,49,0,14,134000,4,9,0,1,1,4
668,1,9,28,1,8,28000,3,4,0,0,3,2
669,2,12,19,1,0,15000,2,0,0,1,4,2
670,2,24,43,1,15,48000,4,4,0,0,6,4
671,3,72,75,0,48,14000,2,6,1,1,1,2
672,3,58,61,0,42,101000,4,18,0,1,1,2
673,1,70,44,1,24,87000,2,18,0,0,3,3
674,3,9,25,0,3,27000,1,4,0,1,1,1
675,1,49,25,0,1,27000,5,0,0,1,1,2
676,3,52,54,0,7,59000,3,22,0,0,1,3
677,1,10,42,1,10,294000,4,9,0,1,6,4
678,1,14,52,1,2,44000,3,5,0,0,2,3
679,1,19,27,1,3,35000,2,4,0,0,6,4
680,3,12,36,1,4,205000,4,10,0,1,4,2
681,1,65,59,0,27,732000,3,31,0,1,1,2
682,1,67,40,1,14,59000,3,11,0,0,2,3
683,2,29,24,1,3,23000,1,7,0,0,2,3
684,3,55,46,0,8,87000,2,19,0,1,1,1
685,3,71,67,1,25,110000,1,23,0,1,2,3
686,3,5,44,1,2,83000,3,14,0,1,3,3
687,3,60,58,0,0,63000,4,21,0,1,3,2
688,2,10,40,0,6,22000,3,6,0,1,1,1
689,3,52,64,0,44,43000,3,7,0,0,1,4
690,2,61,43,1,22,35000,2,11,0,0,3,2
691,1,61,29,1,5,48000,2,11,0,0,4,2
692,2,67,47,1,19,69000,3,12,0,0,3,3
693,3,41,42,1,12,26000,4,5,0,0,4,2
694,1,30,28,0,1,20000,1,8,0,1,1,1
695,1,24,46,0,12,43000,2,6,0,0,1,4
696,1,72,75,0,37,33000,1,44,1,1,1,2
697,2,17,35,0,7,66000,2,11,0,0,1,4
698,2,65,72,0,46,12000,2,0,1,0,1,3
699,1,15,30,1,8,90000,2,11,0,0,5,4
700,1,34,33,0,8,35000,3,2,0,1,1,2
701,1,26,43,0,23,51000,5,4,0,1,1,2
702,2,36,45,0,22,117000,3,15,0,1,1,2
703,1,60,48,0,29,100000,2,26,0,1,1,3
704,1,16,54,0,20,147000,1,29,0,0,4,3
705,2,1,33,0,5,53000,4,6,0,1,1,1
706,3,56,30,1,9,57000,5,2,0,0,4,2
707,2,6,50,0,5,37000,2,0,0,0,1,2
708,2,48,34,0,7,42000,3,2,0,1,1,2
709,2,34,36,1,17,50000,1,4,0,0,2,3
710,2,54,42,1,0,55000,4,2,0,0,5,4
711,3,38,31,1,2,42000,2,7,0,1,4,4
712,2,25,55,0,15,37000,1,7,0,1,1,1
713,1,47,69,1,17,228000,3,39,0,1,4,4
714,1,72,62,1,35,163000,5,31,0,0,2,4
715,2,6,35,1,6,28000,4,3,0,1,3,4
716,1,30,51,1,9,118000,5,21,0,1,2,1
717,1,65,70,1,9,115000,2,39,1,1,2,4
718,1,22,44,1,19,37000,4,1,0,0,2,3
719,1,60,53,0,32,93000,1,28,0,0,1,3
720,2,19,32,0,12,71000,4,5,0,1,1,4
721,3,18,25,0,4,26000,2,7,0,1,3,1
722,1,9,37,1,10,14000,4,5,0,1,6,1
723,1,1,34,1,6,18000,1,0,0,1,2,1
724,3,10,28,1,2,36000,4,0,0,1,3,4
725,3,45,34,1,14,43000,4,0,0,0,4,2
726,1,25,28,1,6,41000,4,4,0,1,4,3
727,3,66,39,0,1,66000,2,15,0,1,1,2
728,1,27,67,0,1,33000,4,19,1,1,1,3
729,1,19,41,0,5,53000,4,6,0,0,1,1
730,2,17,41,1,9,28000,4,3,0,0,6,1
731,2,16,36,0,13,58000,4,4,0,0,1,1
732,1,8,42,1,2,129000,4,17,0,1,3,1
733,1,3,25,0,0,65000,4,0,0,1,1,4
734,3,59,57,0,26,311000,3,36,0,1,1,1
735,2,45,37,0,2,57000,3,14,0,1,1,2
736,1,66,62,0,31,47000,2,4,0,1,1,2
737,3,28,50,1,7,25000,1,3,0,0,2,1
738,1,15,38,1,11,46000,5,11,0,0,3,1
739,3,39,34,1,10,51000,3,13,0,1,4,4
740,3,38,33,0,4,19000,2,5,0,1,2,3
741,3,34,29,0,5,26000,3,4,0,1,2,2
742,3,60,57,1,18,72000,5,30,1,0,2,4
743,3,72,65,1,33,71000,1,41,1,1,4,3
744,1,42,42,1,9,41000,2,13,0,0,8,3
745,3,32,37,0,9,44000,2,7,0,0,1,1
746,3,48,50,1,4,208000,4,19,0,1,2,4
747,3,63,37,1,1,45000,4,9,0,1,6,2
748,3,45,27,1,3,39000,3,2,0,0,4,2
749,2,68,42,0,16,89000,4,12,0,0,1,2
750,1,6,29,1,4,19000,2,5,0,1,2,1
751,1,68,57,1,33,15000,2,0,0,1,2,4
752,3,72,68,1,26,59000,2,36,1,1,2,4
753,3,53,38,1,15,20000,3,6,0,1,4,2
754,3,20,51,1,11,27000,4,6,0,0,3,3
755,2,70,35,1,4,48000,2,9,0,0,3,2
756,3,32,47,0,25,135000,2,6,0,1,1,1
757,2,61,52,1,23,19000,1,0,0,0,2,3
758,1,24,25,1,3,28000,4,0,0,0,3,2
759,2,56,61,1,14,12000,1,16,1,1,2,1
760,3,54,59,0,28,28000,2,15,0,0,1,2
761,3,43,38,1,7,18000,3,8,0,1,3,4
762,1,19,35,0,7,58000,3,5,0,1,1,4
763,3,5,43,0,16,72000,3,17,0,1,1,3
764,1,24,61,1,6,112000,4,3,0,1,4,1
765,3,62,35,1,2,28000,2,8,0,1,2,2
766,2,14,40,0,13,398000,5,11,0,1,1,4
767,3,60,48,1,22,106000,3,21,0,1,3,4
768,2,30,74,1,12,10000,1,3,1,1,2,3
769,1,40,42,1,16,108000,3,17,0,0,4,2
770,2,42,50,1,17,85000,2,15,0,1,4,1
771,1,20,34,0,14,51000,3,9,0,1,1,2
772,1,4,22,1,1,22000,2,2,0,1,3,3
773,2,44,49,1,2,66000,2,8,0,1,4,4
774,3,49,63,0,18,10000,2,2,1,0,1,3
775,3,5,36,1,2,34000,1,4,0,1,2,3
776,3,70,50,1,29,67000,1,22,0,0,4,2
777,1,30,57,1,16,19000,1,1,0,0,4,1
778,2,28,48,0,20,128000,4,4,0,1,1,4
779,1,5,28,1,3,39000,5,1,0,0,6,4
780,2,27,35,0,12,56000,1,3,0,1,1,4
781,2,17,39,0,12,45000,4,10,0,1,1,1
782,1,4,37,1,8,25000,1,1,0,1,5,1
783,1,30,23,1,0,24000,2,1,0,1,4,3
784,3,71,40,1,19,53000,4,14,0,1,2,4
785,3,67,77,0,55,49000,1,45,1,1,1,1
786,3,24,48,1,3,38000,1,16,0,1,2,1
787,1,24,54,1,7,84000,3,10,0,1,2,1
788,2,59,54,0,32,126000,1,22,0,1,1,3
789,3,59,32,0,9,73000,4,5,0,0,1,2
790,3,44,37,1,1,41000,4,8,0,1,6,2
791,1,19,31,1,0,22000,4,2,0,0,3,2
792,2,58,46,1,23,23000,1,2,0,1,2,1
793,1,41,53,1,22,94000,2,25,0,0,2,2
794,2,16,33,0,1,30000,3,7,0,0,4,3
795,3,13,36,0,11,31000,2,0,0,0,1,1
796,1,60,53,0,22,171000,1,37,0,1,1,3
797,2,72,49,1,23,102000,1,27,0,1,6,2
798,2,33,39,0,17,27000,4,3,0,1,1,4
799,2,72,45,1,25,98000,4,20,0,1,2,4
800,1,66,54,1,8,591000,4,25,0,1,2,4
801,3,53,37,1,7,25000,1,2,0,1,6,3
802,2,22,28,1,0,36000,4,0,0,0,4,4
803,2,14,26,1,1,25000,2,0,0,1,3,3
804,1,52,49,0,18,69000,2,13,0,1,2,3
805,3,33,30,1,5,22000,1,0,0,0,2,3
806,3,72,66,0,26,67000,2,37,1,1,1,3
807,1,40,40,1,3,73000,4,12,0,1,4,3
808,2,29,26,0,1,22000,4,2,0,1,1,4
809,3,63,67,0,22,9000,2,12,1,0,1,3
810,2,56,54,0,25,147000,3,31,0,1,1,2
811,3,60,50,1,26,239000,2,19,0,1,2,4
812,3,28,22,1,3,23000,3,1,0,0,5,1
813,2,39,39,0,19,29000,4,6,0,0,1,2
814,3,65,39,1,18,32000,2,15,0,0,4,3
815,3,29,31,0,7,30000,3,7,0,1,1,3
816,3,28,36,0,8,57000,2,13,0,1,2,3
817,1,2,18,0,0,20000,2,0,0,0,1,3
818,3,67,52,0,13,248000,2,20,0,1,3,3
819,3,5,35,1,9,59000,3,8,0,1,5,4
820,3,48,35,0,10,24000,2,6,0,0,1,3
821,2,10,26,1,4,25000,1,4,0,1,3,1
822,2,17,28,0,3,37000,3,2,0,1,1,3
823,1,21,24,1,0,30000,4,0,0,1,5,4
824,2,25,51,0,9,66000,4,13,0,0,2,4
825,3,44,31,0,8,16000,1,3,0,0,1,1
826,2,59,49,0,28,429000,4,23,0,1,2,4
827,2,11,26,0,7,20000,2,4,0,0,1,1
828,2,50,68,1,32,262000,3,28,0,0,2,3
829,3,23,25,1,2,28000,3,1,0,1,5,2
830,1,17,19,0,0,18000,2,0,0,1,2,2
831,1,15,62,1,3,144000,3,21,0,0,2,3
832,2,68,57,1,38,33000,1,9,0,1,2,2
833,1,69,42,1,23,19000,3,0,0,1,2,1
834,1,30,24,1,3,30000,1,7,0,1,5,1
835,3,22,30,0,8,41000,2,8,0,0,1,3
836,2,10,20,1,1,20000,2,0,0,1,4,1
837,1,72,59,1,12,65000,3,21,0,1,6,2
838,2,34,24,1,5,17000,4,0,0,1,2,3
839,2,43,49,1,18,66000,1,22,0,0,4,3
840,3,31,37,1,15,18000,4,5,0,0,3,4
841,2,6,27,1,5,26000,4,2,0,0,5,1
842,2,48,42,0,21,46000,4,4,0,0,1,3
843,2,50,25,0,6,19000,1,5,0,0,3,1
844,3,20,41,1,19,58000,2,6,0,1,2,2
845,3,61,73,0,10,25000,1,21,1,0,1,1
846,2,6,21,0,0,15000,2,1,0,1,1,1
847,2,1,22,0,2,35000,2,2,0,0,1,1
848,1,21,43,0,13,41000,2,1,0,1,1,4
849,3,7,32,0,1,71000,4,3,0,0,2,4
850,3,65,56,1,19,608000,3,34,0,1,2,4
851,1,64,37,0,10,44000,4,9,0,1,1,2
852,3,4,30,0,0,41000,2,0,0,0,2,3
853,1,67,45,1,22,83000,3,11,0,1,2,2
854,2,22,35,0,12,28000,2,3,0,0,2,2
855,3,51,37,1,17,101000,2,10,0,1,2,3
856,1,50,28,0,6,28000,1,10,0,1,1,3
857,1,31,47,1,18,35000,2,0,0,0,2,1
858,3,4,28,0,0,39000,2,3,0,1,1,3
859,3,60,56,0,19,51000,4,11,0,0,1,4
860,3,7,31,1,12,31000,2,7,0,1,6,1
861,3,20,40,0,2,209000,4,15,0,1,1,2
862,2,19,23,1,4,37000,3,1,0,1,4,3
863,3,58,37,1,5,64000,4,8,0,1,2,4
864,3,65,64,0,20,88000,3,26,0,1,1,4
865,3,72,61,1,34,61000,1,8,0,0,3,2
866,3,8,42,0,3,66000,3,10,0,0,1,4
867,2,33,40,1,14,19000,3,5,0,0,2,1
868,3,18,34,1,4,42000,2,14,0,1,5,4
869,2,24,31,1,6,41000,2,13,0,0,5,3
870,3,70,36,0,8,50000,1,15,0,1,1,2
871,1,7,38,0,4,70000,4,4,0,0,1,4
872,3,70,59,0,27,85000,1,19,0,1,1,3
873,2,20,48,1,21,45000,3,2,0,1,2,3
874,3,54,32,1,12,27000,1,9,0,0,2,2
875,3,36,48,0,28,29000,1,2,0,0,1,1
876,3,71,53,1,29,48000,4,0,0,1,2,3
877,1,17,41,0,4,32000,2,3,0,0,1,3
878,1,18,45,1,17,43000,1,9,0,0,3,3
879,1,16,27,0,8,16000,5,0,0,1,1,4
880,3,38,30,1,6,22000,2,3,0,1,2,2
881,1,52,45,1,19,40000,3,9,0,1,3,4
882,1,46,48,1,12,256000,3,25,0,0,6,4
883,2,31,46,0,23,144000,4,13,0,0,1,3
884,2,23,31,0,10,45000,4,0,0,0,2,2
885,2,38,56,1,34,34000,2,0,0,1,3,3
886,2,50,54,0,15,248000,3,28,0,1,1,3
887,2,16,49,0,17,41000,2,5,0,0,1,4
888,2,14,34,1,4,27000,4,1,0,1,2,4
889,2,30,52,0,23,17000,3,3,0,1,1,2
890,3,22,47,1,0,44000,4,11,0,1,3,4
891,1,38,55,1,12,135000,2,24,0,0,4,4
892,3,59,26,1,3,41000,4,1,0,1,3,2
893,2,54,55,0,1,587000,3,33,0,0,1,3
894,3,9,40,0,13,38000,4,7,0,1,1,4
895,1,67,67,1,38,49000,2,10,0,1,2,2
896,2,24,44,0,19,33000,3,0,0,1,2,1
897,2,12,55,1,13,36000,1,5,0,1,2,2
898,1,26,47,0,13,54000,3,0,0,0,1,2
899,2,3,32,0,4,58000,2,11,0,0,4,4
900,2,20,46,0,2,23000,5,4,0,1,2,4
901,3,5,52,1,0,97000,5,9,0,0,2,4
902,3,58,53,0,19,207000,3,12,0,1,1,4
903,1,54,28,1,2,21000,3,3,0,0,4,1
904,2,52,39,0,6,119000,3,18,0,1,1,1
905,2,38,30,1,10,25000,1,5,0,1,4,1
906,2,19,46,0,5,59000,3,17,0,0,1,1
907,2,22,33,1,2,24000,1,3,0,0,4,1
908,1,49,35,1,15,113000,4,4,0,0,5,2
909,3,5,39,0,0,22000,1,0,0,1,2,3
910,2,18,69,0,28,11000,1,17,1,0,1,1
911,3,43,29,0,4,33000,1,13,0,1,4,3
912,3,17,50,0,2,205000,5,19,0,0,1,4
913,2,37,33,0,4,41000,3,8,0,1,3,2
914,2,8,39,0,0,39000,1,7,0,1,1,1
915,2,51,46,1,8,107000,2,21,0,1,6,3
916,1,71,55,1,11,198000,1,31,0,1,3,3
917,1,56,53,1,23,100000,5,14,0,1,2,2
918,3,70,68,0,21,1131000,2,45,0,0,1,3
919,1,62,53,0,14,360000,3,26,0,1,2,3
920,1,50,52,1,22,162000,2,27,0,1,2,4
921,3,1,31,0,3,29000,5,2,0,1,3,1
922,3,15,26,0,1,38000,4,1,0,0,2,4
923,3,72,55,1,24,82000,3,25,0,1,2,2
924,2,69,47,1,10,159000,2,24,0,0,4,3
925,2,32,44,0,10,201000,2,24,0,0,1,3
926,1,19,25,1,6,27000,4,0,0,1,2,3
927,2,42,54,0,19,57000,3,10,0,1,1,4
928,3,51,49,0,29,45000,1,16,0,0,1,1
929,2,32,22,1,2,17000,2,2,0,1,4,3
930,3,26,55,1,13,61000,1,26,0,0,2,3
931,2,39,44,1,14,418000,4,18,0,0,2,4
932,2,72,53,0,12,152000,2,32,0,1,1,4
933,2,4,39,0,11,38000,4,1,0,0,2,4
934,2,54,50,1,5,151000,4,20,0,0,3,3
935,1,34,40,1,21,23000,4,9,0,1,3,4
936,1,20,25,1,4,33000,4,0,0,1,3,1
937,3,14,49,0,4,26000,1,8,0,0,1,1
938,1,61,59,0,26,89000,1,40,1,1,1,3
939,2,4,24,0,2,25000,4,0,0,0,1,1
940,3,16,48,0,25,59000,2,13,0,0,2,3
941,1,13,41,0,9,55000,2,12,0,1,3,1
942,2,53,37,1,18,25000,3,6,0,1,2,2
943,2,58,36,1,13,39000,2,8,0,1,7,4
944,2,25,38,1,19,56000,1,19,0,1,2,3
945,1,71,61,1,19,155000,3,30,0,0,2,3
946,1,22,33,1,13,119000,5,0,0,1,4,4
947,1,46,48,1,15,64000,3,20,0,0,2,3
948,3,66,50,1,2,333000,5,24,0,0,2,2
949,1,69,58,1,29,26000,2,7,0,1,3,4
950,2,38,49,1,3,33000,4,11,0,0,4,2
951,3,16,35,0,7,46000,3,3,0,0,1,1
952,3,44,39,1,8,41000,2,8,0,0,4,4
953,1,50,50,0,24,31000,1,8,0,0,1,3
954,3,10,23,0,1,29000,4,0,0,1,1,4
955,2,7,41,0,6,94000,2,16,0,0,1,4
956,3,71,48,0,25,288000,3,19,0,0,1,1
957,3,16,39,1,5,31000,1,4,0,1,5,1
958,3,6,20,0,0,25000,2,0,0,1,2,3
959,2,46,55,0,24,269000,2,35,0,0,1,3
960,3,51,49,1,13,203000,3,27,0,0,4,3
961,3,5,34,0,12,22000,2,2,0,0,2,1
962,2,49,54,1,23,25000,2,1,0,1,4,1
963,3,49,51,1,14,222000,5,16,0,0,2,2
964,1,26,30,1,4,76000,3,7,0,0,2,1
965,3,22,39,0,4,55000,2,17,0,1,1,4
966,3,51,45,1,4,46000,3,6,0,0,2,4
967,1,19,27,1,7,56000,4,1,0,0,4,4
968,1,9,36,0,1,79000,3,11,0,1,5,3
969,3,15,25,1,0,51000,3,2,0,1,2,1
970,2,57,63,0,19,61000,1,27,0,0,1,3
971,3,48,45,0,15,41000,1,10,0,1,2,1
972,2,9,53,1,20,50000,2,13,0,1,2,1
973,1,61,52,0,21,82000,1,18,0,0,1,3
974,3,72,53,0,34,108000,1,23,0,0,1,3
975,3,57,60,0,20,14000,2,27,1,1,1,3
976,2,57,51,0,10,46000,1,13,0,0,1,2
977,1,37,60,1,0,46000,1,20,0,0,3,3
978,3,45,51,0,13,146000,4,16,0,0,2,1
979,3,45,39,1,15,36000,1,11,0,1,5,1
980,2,55,44,0,24,83000,1,23,0,1,1,3
981,2,24,27,0,2,17000,3,3,0,0,5,2
982,3,1,20,0,1,18000,3,0,0,0,1,1
983,2,34,23,1,3,24000,1,7,0,1,4,3
984,3,14,37,1,5,48000,3,1,0,1,4,1
985,3,6,32,0,10,47000,1,10,0,0,1,3
986,3,24,30,0,0,25000,4,5,0,0,2,4
987,2,3,26,1,6,59000,4,0,0,1,3,4
988,1,4,30,0,1,45000,4,6,0,0,3,4
989,1,72,40,1,19,163000,4,15,0,0,2,2
990,1,44,56,0,4,63000,2,6,0,1,1,3
991,1,50,43,0,6,27000,3,4,0,0,1,3
992,2,61,50,1,16,190000,2,22,0,1,2,2
993,1,34,52,1,2,106000,2,19,0,0,2,3
994,3,26,54,1,30,26000,3,1,0,1,2,4
995,1,15,46,1,17,63000,5,1,0,0,2,4
996,3,10,39,0,0,27000,3,0,0,1,3,1
997,1,7,34,0,2,22000,5,5,0,1,1,1
998,3,67,59,0,40,944000,5,33,0,1,1,4
999,3,70,49,0,18,87000,2,22,0,1,1,3
1000,3,50,36,1,7,39000,3,3,0,1,3,2
